"Area","MTU","Biomass  - Actual Aggregated [MW]","Biomass  - Actual Consumption [MW]","Fossil Brown coal/Lignite  - Actual Aggregated [MW]","Fossil Brown coal/Lignite  - Actual Consumption [MW]","Fossil Coal-derived gas  - Actual Aggregated [MW]","Fossil Coal-derived gas  - Actual Consumption [MW]","Fossil Gas  - Actual Aggregated [MW]","Fossil Gas  - Actual Consumption [MW]","Fossil Hard coal  - Actual Aggregated [MW]","Fossil Hard coal  - Actual Consumption [MW]","Fossil Oil  - Actual Aggregated [MW]","Fossil Oil  - Actual Consumption [MW]","Fossil Oil shale  - Actual Aggregated [MW]","Fossil Oil shale  - Actual Consumption [MW]","Fossil Peat  - Actual Aggregated [MW]","Fossil Peat  - Actual Consumption [MW]","Geothermal  - Actual Aggregated [MW]","Geothermal  - Actual Consumption [MW]","Hydro Pumped Storage  - Actual Aggregated [MW]","Hydro Pumped Storage  - Actual Consumption [MW]","Hydro Run-of-river and poundage  - Actual Aggregated [MW]","Hydro Run-of-river and poundage  - Actual Consumption [MW]","Hydro Water Reservoir  - Actual Aggregated [MW]","Hydro Water Reservoir  - Actual Consumption [MW]","Marine  - Actual Aggregated [MW]","Marine  - Actual Consumption [MW]","Nuclear  - Actual Aggregated [MW]","Nuclear  - Actual Consumption [MW]","Other  - Actual Aggregated [MW]","Other  - Actual Consumption [MW]","Other renewable  - Actual Aggregated [MW]","Other renewable  - Actual Consumption [MW]","Solar  - Actual Aggregated [MW]","Solar  - Actual Consumption [MW]","Waste  - Actual Aggregated [MW]","Waste  - Actual Consumption [MW]","Wind Offshore  - Actual Aggregated [MW]","Wind Offshore  - Actual Consumption [MW]","Wind Onshore  - Actual Aggregated [MW]","Wind Onshore  - Actual Consumption [MW]"
"Germany (DE)","01.01.2016 00:00 - 01.01.2016 00:15 (CET)","4507","0","14704","0","472","0","1169","0","5159","0","198","6","n/e","n/e","n/e","n/e","11","0","149","647","966","0","36","0","n/e","n/e","10683","0","2645","0","95","0","0","0","286","0","2284","","6594","0"
"Germany (DE)","01.01.2016 00:15 - 01.01.2016 00:30 (CET)","4515","0","14749","0","462","0","1171","0","4803","0","198","6","n/e","n/e","n/e","n/e","11","0","100","476","966","0","56","0","n/e","n/e","10694","0","2707","0","95","0","0","0","277","0","2278","","6409","0"
"Germany (DE)","01.01.2016 00:30 - 01.01.2016 00:45 (CET)","4517","0","14738","0","454","0","1177","0","4454","0","198","6","n/e","n/e","n/e","n/e","11","0","281","398","967","0","84","0","n/e","n/e","10720","0","2759","0","95","0","0","0","280","0","2278","","6276","0"
"Germany (DE)","01.01.2016 00:45 - 01.01.2016 01:00 (CET)","4506","0","14760","0","465","0","1174","0","4214","0","198","5","n/e","n/e","n/e","n/e","11","0","271","516","965","0","105","0","n/e","n/e","10725","0","2842","0","95","0","0","0","276","0","2261","","6209","0"
"Germany (DE)","01.01.2016 01:00 - 01.01.2016 01:15 (CET)","4501","0","14793","0","458","0","1179","0","4014","0","199","5","n/e","n/e","n/e","n/e","11","0","554","500","966","0","95","0","n/e","n/e","10739","0","2625","0","95","0","0","0","272","0","2271","","6252","0"
"Germany (DE)","01.01.2016 01:15 - 01.01.2016 01:30 (CET)","4506","0","14788","0","418","0","1183","0","3920","0","199","5","n/e","n/e","n/e","n/e","11","0","35","597","971","0","47","0","n/e","n/e","10729","0","2754","0","95","0","0","0","270","0","2291","","6250","0"
"Germany (DE)","01.01.2016 01:30 - 01.01.2016 01:45 (CET)","4510","0","14787","0","431","0","1183","0","3762","0","199","6","n/e","n/e","n/e","n/e","11","0","16","1064","974","0","54","0","n/e","n/e","10723","0","2684","0","95","0","0","0","269","0","2306","","6313","0"
"Germany (DE)","01.01.2016 01:45 - 01.01.2016 02:00 (CET)","4510","0","14870","0","470","0","1179","0","3704","0","199","6","n/e","n/e","n/e","n/e","11","0","34","1161","972","0","46","0","n/e","n/e","10616","0","2574","0","95","0","0","0","270","0","2274","","6360","0"
"Germany (DE)","01.01.2016 02:00 - 01.01.2016 02:15 (CET)","4491","0","14879","0","476","0","1173","0","3629","0","199","6","n/e","n/e","n/e","n/e","11","0","46","945","970","0","103","0","n/e","n/e","10579","0","2430","0","95","0","0","0","270","0","2250","","6316","0"
"Germany (DE)","01.01.2016 02:15 - 01.01.2016 02:30 (CET)","4493","0","14853","0","512","0","1184","0","3600","0","199","6","n/e","n/e","n/e","n/e","11","0","35","1340","968","0","57","0","n/e","n/e","10645","0","2385","0","95","0","0","0","279","0","2243","","6300","0"
"Germany (DE)","01.01.2016 02:30 - 01.01.2016 02:45 (CET)","4499","0","14848","0","546","0","1183","0","3583","0","199","6","n/e","n/e","n/e","n/e","11","0","35","1588","967","0","45","0","n/e","n/e","10664","0","2420","0","95","0","0","0","274","0","2221","","6301","0"
"Germany (DE)","01.01.2016 02:45 - 01.01.2016 03:00 (CET)","4500","0","14907","0","550","0","1178","0","3547","0","199","6","n/e","n/e","n/e","n/e","11","0","19","1688","967","0","41","0","n/e","n/e","10529","0","2389","0","95","0","0","0","275","0","2201","","6335","0"
"Germany (DE)","01.01.2016 03:00 - 01.01.2016 03:15 (CET)","4498","0","14976","0","556","0","1170","0","3443","0","199","5","n/e","n/e","n/e","n/e","11","0","17","900","962","0","95","0","n/e","n/e","10576","0","2344","0","95","0","0","0","272","0","2080","","6401","0"
"Germany (DE)","01.01.2016 03:15 - 01.01.2016 03:30 (CET)","4500","0","14993","0","562","0","1169","0","3379","0","199","6","n/e","n/e","n/e","n/e","11","0","34","1211","954","0","66","0","n/e","n/e","10718","0","2247","0","95","0","0","0","267","0","2037","","6469","0"
"Germany (DE)","01.01.2016 03:30 - 01.01.2016 03:45 (CET)","4504","0","14979","0","561","0","1174","0","3370","0","199","6","n/e","n/e","n/e","n/e","11","0","17","1328","951","0","44","0","n/e","n/e","10718","0","2301","0","95","0","0","0","270","0","1997","","6433","0"
"Germany (DE)","01.01.2016 03:45 - 01.01.2016 04:00 (CET)","4506","0","14934","0","551","0","1167","0","3372","0","199","6","n/e","n/e","n/e","n/e","11","0","62","1761","951","0","44","0","n/e","n/e","10718","0","2233","0","95","0","0","0","282","0","1932","","6421","0"
"Germany (DE)","01.01.2016 04:00 - 01.01.2016 04:15 (CET)","4491","0","14957","0","565","0","1162","0","3373","0","199","6","n/e","n/e","n/e","n/e","11","0","17","1776","951","0","56","0","n/e","n/e","10725","0","2112","0","95","0","0","0","274","0","1934","","6441","0"
"Germany (DE)","01.01.2016 04:15 - 01.01.2016 04:30 (CET)","4492","0","14965","0","567","0","1171","0","3354","0","199","6","n/e","n/e","n/e","n/e","11","0","50","1812","948","0","45","0","n/e","n/e","10688","0","2046","0","95","0","0","0","275","0","2012","","6437","0"
"Germany (DE)","01.01.2016 04:30 - 01.01.2016 04:45 (CET)","4496","0","14948","0","568","0","1171","0","3353","0","199","6","n/e","n/e","n/e","n/e","11","0","65","1727","948","0","43","0","n/e","n/e","10600","0","2050","0","95","0","0","0","278","0","1963","","6358","0"
"Germany (DE)","01.01.2016 04:45 - 01.01.2016 05:00 (CET)","4495","0","14914","0","578","0","1172","0","3334","0","199","5","n/e","n/e","n/e","n/e","11","0","64","1320","949","0","51","0","n/e","n/e","10421","0","1997","0","95","0","0","0","282","0","1862","","6173","0"
"Germany (DE)","01.01.2016 05:00 - 01.01.2016 05:15 (CET)","4487","0","14980","0","577","0","1168","0","3376","0","199","5","n/e","n/e","n/e","n/e","11","0","17","1160","948","0","63","0","n/e","n/e","10445","0","2070","0","95","0","0","0","284","0","1722","","5961","0"
"Germany (DE)","01.01.2016 05:15 - 01.01.2016 05:30 (CET)","4487","0","14975","0","583","0","1171","0","3390","0","199","5","n/e","n/e","n/e","n/e","11","0","17","1165","942","0","58","0","n/e","n/e","10476","0","1861","0","95","0","0","0","280","0","1578","","5774","0"
"Germany (DE)","01.01.2016 05:30 - 01.01.2016 05:45 (CET)","4489","0","14989","0","576","0","1170","0","3410","0","199","5","n/e","n/e","n/e","n/e","11","0","64","1264","939","0","49","0","n/e","n/e","10498","0","1872","0","95","0","0","0","286","0","1574","","5625","0"
"Germany (DE)","01.01.2016 05:45 - 01.01.2016 06:00 (CET)","4488","0","14984","0","576","0","1162","0","3421","0","199","5","n/e","n/e","n/e","n/e","11","0","62","1289","937","0","45","0","n/e","n/e","10454","0","1706","0","95","0","0","0","281","0","1456","","5588","0"
"Germany (DE)","01.01.2016 06:00 - 01.01.2016 06:15 (CET)","4488","0","14784","0","572","0","1166","0","3481","0","199","5","n/e","n/e","n/e","n/e","11","0","17","1438","935","0","69","0","n/e","n/e","10425","0","1607","0","95","0","0","0","284","0","1370","","5480","0"
"Germany (DE)","01.01.2016 06:15 - 01.01.2016 06:30 (CET)","4494","0","14743","0","570","0","1169","0","3486","0","199","5","n/e","n/e","n/e","n/e","11","0","8","1362","933","0","64","0","n/e","n/e","10423","0","1425","0","95","0","0","0","279","0","1365","","5330","0"
"Germany (DE)","01.01.2016 06:30 - 01.01.2016 06:45 (CET)","4501","0","14751","0","562","0","1169","0","3517","0","199","5","n/e","n/e","n/e","n/e","11","0","0","1212","939","0","77","0","n/e","n/e","10425","0","1693","0","95","0","0","0","280","0","1292","","5159","0"
"Germany (DE)","01.01.2016 06:45 - 01.01.2016 07:00 (CET)","4501","0","14804","0","568","0","1171","0","3564","0","199","5","n/e","n/e","n/e","n/e","11","0","47","911","940","0","56","0","n/e","n/e","10414","0","1728","0","95","0","0","0","290","0","1291","","5011","0"
"Germany (DE)","01.01.2016 07:00 - 01.01.2016 07:15 (CET)","4505","0","14932","0","566","0","1177","0","3558","0","200","5","n/e","n/e","n/e","n/e","11","0","18","1017","942","0","93","0","n/e","n/e","10321","0","1743","0","95","0","0","0","279","0","1134","","4876","0"
"Germany (DE)","01.01.2016 07:15 - 01.01.2016 07:30 (CET)","4508","0","14944","0","569","0","1178","0","3568","0","200","5","n/e","n/e","n/e","n/e","11","0","0","525","943","0","79","0","n/e","n/e","10304","0","1794","0","95","0","0","0","270","0","921","","4757","0"
"Germany (DE)","01.01.2016 07:30 - 01.01.2016 07:45 (CET)","4510","0","14967","0","566","0","1185","0","3580","0","200","5","n/e","n/e","n/e","n/e","11","0","617","456","942","0","38","0","n/e","n/e","10265","0","1811","0","95","0","0","0","277","0","949","","4596","0"
"Germany (DE)","01.01.2016 07:45 - 01.01.2016 08:00 (CET)","4514","0","14975","0","569","0","1184","0","3628","0","200","5","n/e","n/e","n/e","n/e","11","0","797","441","939","0","27","0","n/e","n/e","10292","0","2042","0","95","0","0","0","276","0","803","","4459","0"
"Germany (DE)","01.01.2016 08:00 - 01.01.2016 08:15 (CET)","4536","0","15033","0","566","0","1179","0","3670","0","200","5","n/e","n/e","n/e","n/e","11","0","573","1139","949","0","28","0","n/e","n/e","10388","0","1909","0","95","0","8","0","269","0","690","","4229","0"
"Germany (DE)","01.01.2016 08:15 - 01.01.2016 08:30 (CET)","4543","0","15037","0","568","0","1186","0","3757","0","200","5","n/e","n/e","n/e","n/e","11","0","205","1034","952","0","33","0","n/e","n/e","10366","0","2012","0","95","0","42","0","269","0","683","","4066","0"
"Germany (DE)","01.01.2016 08:30 - 01.01.2016 08:45 (CET)","4541","0","14904","0","569","0","1188","0","3870","0","200","5","n/e","n/e","n/e","n/e","11","0","10","622","951","0","29","0","n/e","n/e","10285","0","2026","0","95","0","147","0","268","0","634","","3908","0"
"Germany (DE)","01.01.2016 08:45 - 01.01.2016 09:00 (CET)","4542","0","14874","0","567","0","1181","0","3854","0","199","5","n/e","n/e","n/e","n/e","11","0","145","278","981","0","82","0","n/e","n/e","10272","0","2085","0","95","0","351","0","267","0","597","","3769","0"
"Germany (DE)","01.01.2016 09:00 - 01.01.2016 09:15 (CET)","4537","0","14835","0","566","0","1180","0","3713","0","199","5","n/e","n/e","n/e","n/e","11","0","186","1767","1010","0","63","0","n/e","n/e","10256","0","2230","0","95","0","583","0","271","0","497","","3597","0"
"Germany (DE)","01.01.2016 09:15 - 01.01.2016 09:30 (CET)","4536","0","14715","0","565","0","1183","0","3730","0","199","5","n/e","n/e","n/e","n/e","11","0","368","1632","1013","0","57","0","n/e","n/e","10359","0","2505","0","95","0","775","0","269","0","432","","3370","0"
"Germany (DE)","01.01.2016 09:30 - 01.01.2016 09:45 (CET)","4536","0","14729","0","560","0","1191","0","3937","0","199","5","n/e","n/e","n/e","n/e","11","0","285","1235","1011","0","31","0","n/e","n/e","10368","0","2679","0","95","0","1013","0","270","0","425","","3174","0"
"Germany (DE)","01.01.2016 09:45 - 01.01.2016 10:00 (CET)","4537","0","14762","0","563","0","1211","0","4074","0","199","5","n/e","n/e","n/e","n/e","11","0","199","1223","1010","0","24","0","n/e","n/e","10285","0","2697","0","95","0","1487","0","269","0","420","","3020","0"
"Germany (DE)","01.01.2016 10:00 - 01.01.2016 10:15 (CET)","4534","0","14627","0","568","0","1245","0","4250","0","199","5","n/e","n/e","n/e","n/e","11","0","183","1365","1004","0","23","0","n/e","n/e","10182","0","2714","0","95","0","1896","0","263","0","388","","2837","0"
"Germany (DE)","01.01.2016 10:15 - 01.01.2016 10:30 (CET)","4533","0","14641","0","561","0","1250","0","4548","0","199","5","n/e","n/e","n/e","n/e","11","0","16","1261","1001","0","44","0","n/e","n/e","10239","0","2770","0","95","0","2330","0","262","0","343","","2587","0"
"Germany (DE)","01.01.2016 10:30 - 01.01.2016 10:45 (CET)","4533","0","14613","0","560","0","1256","0","4594","0","199","5","n/e","n/e","n/e","n/e","11","0","113","913","1002","0","43","0","n/e","n/e","10259","0","2816","0","95","0","2720","0","267","0","280","","2357","0"
"Germany (DE)","01.01.2016 10:45 - 01.01.2016 11:00 (CET)","4533","0","14772","0","560","0","1259","0","4958","0","199","5","n/e","n/e","n/e","n/e","11","0","8","774","1002","0","60","0","n/e","n/e","10248","0","2877","0","95","0","3144","0","269","0","223","","2087","0"
"Germany (DE)","01.01.2016 11:00 - 01.01.2016 11:15 (CET)","4537","0","14944","0","554","0","1255","0","5340","0","199","5","n/e","n/e","n/e","n/e","11","0","359","1145","993","0","43","0","n/e","n/e","10137","0","2655","0","95","0","3468","0","265","0","175","","1923","0"
"Germany (DE)","01.01.2016 11:15 - 01.01.2016 11:30 (CET)","4540","0","14964","0","541","0","1263","0","5390","0","198","5","n/e","n/e","n/e","n/e","11","0","436","956","994","0","43","0","n/e","n/e","10149","0","2919","0","95","0","3697","0","272","0","174","","1749","0"
"Germany (DE)","01.01.2016 11:30 - 01.01.2016 11:45 (CET)","4539","0","14988","0","559","0","1260","0","5457","0","198","5","n/e","n/e","n/e","n/e","11","0","296","642","995","0","34","0","n/e","n/e","10234","0","2928","0","95","0","3859","0","279","0","182","","1568","0"
"Germany (DE)","01.01.2016 11:45 - 01.01.2016 12:00 (CET)","4536","0","14977","0","565","0","1250","0","5587","0","198","5","n/e","n/e","n/e","n/e","11","0","181","566","992","0","57","0","n/e","n/e","10254","0","3051","0","95","0","4046","0","288","0","166","","1385","0"
"Germany (DE)","01.01.2016 12:00 - 01.01.2016 12:15 (CET)","4539","0","14999","0","562","0","1244","0","5700","0","198","5","n/e","n/e","n/e","n/e","11","0","412","492","994","0","49","0","n/e","n/e","10350","0","2910","0","95","0","4123","0","287","0","154","","1291","0"
"Germany (DE)","01.01.2016 12:15 - 01.01.2016 12:30 (CET)","4549","0","15046","0","564","0","1240","0","5745","0","198","5","n/e","n/e","n/e","n/e","11","0","683","696","991","0","31","0","n/e","n/e","10390","0","2898","0","95","0","4141","0","279","0","140","","1216","0"
"Germany (DE)","01.01.2016 12:30 - 01.01.2016 12:45 (CET)","4552","0","15184","0","558","0","1248","0","5763","0","198","5","n/e","n/e","n/e","n/e","11","0","855","841","992","0","17","0","n/e","n/e","10458","0","2867","0","95","0","4085","0","279","0","130","","1112","0"
"Germany (DE)","01.01.2016 12:45 - 01.01.2016 13:00 (CET)","4550","0","15168","0","556","0","1238","0","5783","0","198","5","n/e","n/e","n/e","n/e","11","0","531","532","995","0","10","0","n/e","n/e","10506","0","2653","0","95","0","4135","0","272","0","107","","1000","0"
"Germany (DE)","01.01.2016 13:00 - 01.01.2016 13:15 (CET)","4548","0","15168","0","559","0","1238","0","5925","0","199","5","n/e","n/e","n/e","n/e","11","0","400","385","1002","0","9","0","n/e","n/e","10478","0","2152","0","95","0","3978","0","278","0","83","","885","0"
"Germany (DE)","01.01.2016 13:15 - 01.01.2016 13:30 (CET)","4547","0","15157","0","565","0","1237","0","5850","0","199","5","n/e","n/e","n/e","n/e","11","0","127","480","1004","0","46","0","n/e","n/e","10507","0","2138","0","95","0","3881","0","272","0","89","","746","0"
"Germany (DE)","01.01.2016 13:30 - 01.01.2016 13:45 (CET)","4543","0","15176","0","563","0","1248","0","5769","0","198","5","n/e","n/e","n/e","n/e","11","0","164","459","1005","0","74","0","n/e","n/e","10564","0","2226","0","95","0","3637","0","273","0","85","","628","0"
"Germany (DE)","01.01.2016 13:45 - 01.01.2016 14:00 (CET)","4540","0","15218","0","571","0","1243","0","5791","0","198","5","n/e","n/e","n/e","n/e","11","0","467","687","1008","0","62","0","n/e","n/e","10602","0","2356","0","95","0","3372","0","269","0","77","","565","0"
"Germany (DE)","01.01.2016 14:00 - 01.01.2016 14:15 (CET)","4522","0","15253","0","571","0","1234","0","5744","0","199","5","n/e","n/e","n/e","n/e","11","0","285","650","1020","0","28","0","n/e","n/e","10670","0","2674","0","95","0","3037","0","269","0","69","","525","0"
"Germany (DE)","01.01.2016 14:15 - 01.01.2016 14:30 (CET)","4520","0","15379","0","569","0","1244","0","5714","0","200","5","n/e","n/e","n/e","n/e","11","0","445","595","1023","0","64","0","n/e","n/e","10693","0","2731","0","95","0","2629","0","269","0","59","","453","0"
"Germany (DE)","01.01.2016 14:30 - 01.01.2016 14:45 (CET)","4529","0","15443","0","574","0","1252","0","5754","0","199","5","n/e","n/e","n/e","n/e","11","0","414","0","1027","0","45","0","n/e","n/e","10705","0","2525","0","95","0","2248","0","269","0","41","","416","0"
"Germany (DE)","01.01.2016 14:45 - 01.01.2016 15:00 (CET)","4521","0","15437","0","579","0","1237","0","5817","0","198","5","n/e","n/e","n/e","n/e","11","0","734","0","1024","0","73","0","n/e","n/e","10664","0","2348","0","95","0","1854","0","263","0","25","","394","0"
"Germany (DE)","01.01.2016 15:00 - 01.01.2016 15:15 (CET)","4526","0","15422","0","580","0","1223","0","5823","0","198","5","n/e","n/e","n/e","n/e","11","0","667","0","1034","0","17","0","n/e","n/e","10676","0","2141","0","95","0","1407","0","269","0","15","","378","0"
"Germany (DE)","01.01.2016 15:15 - 01.01.2016 15:30 (CET)","4527","0","15421","0","572","0","1217","0","5804","0","198","5","n/e","n/e","n/e","n/e","11","0","563","0","1039","0","20","0","n/e","n/e","10674","0","2192","0","95","0","983","0","269","0","5","","381","0"
"Germany (DE)","01.01.2016 15:30 - 01.01.2016 15:45 (CET)","4526","0","15422","0","572","0","1223","0","5807","0","198","5","n/e","n/e","n/e","n/e","11","0","1424","0","1041","0","49","0","n/e","n/e","10678","0","2295","0","95","0","632","0","266","0","4","","401","0"
"Germany (DE)","01.01.2016 15:45 - 01.01.2016 16:00 (CET)","4530","0","15435","0","575","0","1210","0","5822","0","198","5","n/e","n/e","n/e","n/e","11","0","1642","0","1046","0","93","0","n/e","n/e","10687","0","2373","0","95","0","341","0","265","0","2","","432","0"
"Germany (DE)","01.01.2016 16:00 - 01.01.2016 16:15 (CET)","4518","0","15436","0","572","0","1219","0","5803","0","199","5","n/e","n/e","n/e","n/e","11","0","491","107","1032","0","22","0","n/e","n/e","10681","0","2405","0","95","0","136","0","264","0","2","","489","0"
"Germany (DE)","01.01.2016 16:15 - 01.01.2016 16:30 (CET)","4509","0","15446","0","569","0","1224","0","5978","0","200","5","n/e","n/e","n/e","n/e","11","0","1646","0","1038","0","25","0","n/e","n/e","10685","0","2504","0","95","0","41","0","269","0","2","","577","0"
"Germany (DE)","01.01.2016 16:30 - 01.01.2016 16:45 (CET)","4509","0","15470","0","566","0","1233","0","6246","0","200","5","n/e","n/e","n/e","n/e","11","0","1302","0","1035","0","54","0","n/e","n/e","10686","0","2704","0","95","0","18","0","267","0","2","","713","0"
"Germany (DE)","01.01.2016 16:45 - 01.01.2016 17:00 (CET)","4512","0","15468","0","564","0","1230","0","6562","0","199","5","n/e","n/e","n/e","n/e","11","0","1721","1","1033","0","49","0","n/e","n/e","10693","0","2944","0","95","0","7","0","267","0","2","","872","0"
"Germany (DE)","01.01.2016 17:00 - 01.01.2016 17:15 (CET)","4527","0","15411","0","566","0","1228","0","6757","0","198","5","n/e","n/e","n/e","n/e","11","0","1388","118","1029","0","31","0","n/e","n/e","10559","0","3131","0","95","0","0","0","265","0","2","","997","0"
"Germany (DE)","01.01.2016 17:15 - 01.01.2016 17:30 (CET)","4535","0","15476","0","574","0","1227","0","6797","0","199","5","n/e","n/e","n/e","n/e","11","0","3231","0","1027","0","40","0","n/e","n/e","10555","0","3237","0","95","0","0","0","269","0","2","","1168","0"
"Germany (DE)","01.01.2016 17:30 - 01.01.2016 17:45 (CET)","4534","0","15468","0","572","0","1243","0","6809","0","198","5","n/e","n/e","n/e","n/e","11","0","3582","0","1024","0","30","0","n/e","n/e","10559","0","3289","0","95","0","0","0","264","0","3","","1404","0"
"Germany (DE)","01.01.2016 17:45 - 01.01.2016 18:00 (CET)","4532","0","15464","0","566","0","1255","0","6978","0","199","5","n/e","n/e","n/e","n/e","11","0","3263","0","1026","0","24","0","n/e","n/e","10636","0","3286","0","95","0","0","0","265","0","13","","1605","0"
"Germany (DE)","01.01.2016 18:00 - 01.01.2016 18:15 (CET)","4529","0","15430","0","573","0","1257","0","7007","0","199","5","n/e","n/e","n/e","n/e","11","0","2314","0","1027","0","15","0","n/e","n/e","10658","0","3436","0","95","0","0","0","262","0","48","","1788","0"
"Germany (DE)","01.01.2016 18:15 - 01.01.2016 18:30 (CET)","4510","0","15459","0","570","0","1244","0","7014","0","199","5","n/e","n/e","n/e","n/e","11","0","1967","0","1023","0","47","0","n/e","n/e","10676","0","3235","0","95","0","0","0","269","0","80","","1963","0"
"Germany (DE)","01.01.2016 18:30 - 01.01.2016 18:45 (CET)","4497","0","15447","0","570","0","1258","0","7027","0","199","5","n/e","n/e","n/e","n/e","11","0","407","120","1019","0","20","0","n/e","n/e","10679","0","3276","0","95","0","0","0","264","0","107","","2107","0"
"Germany (DE)","01.01.2016 18:45 - 01.01.2016 19:00 (CET)","4518","0","15415","0","566","0","1254","0","7035","0","199","5","n/e","n/e","n/e","n/e","11","0","260","301","1019","0","17","0","n/e","n/e","10639","0","3196","0","95","0","0","0","274","0","141","","2352","0"
"Germany (DE)","01.01.2016 19:00 - 01.01.2016 19:15 (CET)","4522","0","15453","0","560","0","1259","0","7000","0","199","5","n/e","n/e","n/e","n/e","11","0","2024","0","1021","0","28","0","n/e","n/e","10666","0","3146","0","95","0","0","0","276","0","180","","2671","0"
"Germany (DE)","01.01.2016 19:15 - 01.01.2016 19:30 (CET)","4536","0","15454","0","562","0","1252","0","6889","0","199","5","n/e","n/e","n/e","n/e","11","0","321","255","1022","0","24","0","n/e","n/e","10664","0","2996","0","95","0","0","0","274","0","237","","2940","0"
"Germany (DE)","01.01.2016 19:30 - 01.01.2016 19:45 (CET)","4539","0","15457","0","558","0","1254","0","6780","0","199","5","n/e","n/e","n/e","n/e","11","0","1368","268","1009","0","7","0","n/e","n/e","10601","0","2639","0","95","0","0","0","261","0","290","","3303","0"
"Germany (DE)","01.01.2016 19:45 - 01.01.2016 20:00 (CET)","4537","0","15500","0","556","0","1253","0","6582","0","199","5","n/e","n/e","n/e","n/e","11","0","160","364","970","0","19","0","n/e","n/e","10527","0","2404","0","95","0","0","0","266","0","358","","3507","0"
"Germany (DE)","01.01.2016 20:00 - 01.01.2016 20:15 (CET)","4540","0","15486","0","556","0","1249","0","6357","0","199","5","n/e","n/e","n/e","n/e","11","0","982","0","968","0","74","0","n/e","n/e","10556","0","2641","0","95","0","0","0","267","0","447","","3666","0"
"Germany (DE)","01.01.2016 20:15 - 01.01.2016 20:30 (CET)","4543","0","15490","0","556","0","1254","0","6162","0","199","5","n/e","n/e","n/e","n/e","11","0","1825","98","970","0","14","0","n/e","n/e","10533","0","2567","0","95","0","0","0","271","0","578","","3712","0"
"Germany (DE)","01.01.2016 20:30 - 01.01.2016 20:45 (CET)","4541","0","15487","0","557","0","1252","0","5971","0","199","6","n/e","n/e","n/e","n/e","11","0","1671","445","970","0","25","0","n/e","n/e","10571","0","2359","0","95","0","0","0","270","0","684","","3773","0"
"Germany (DE)","01.01.2016 20:45 - 01.01.2016 21:00 (CET)","4541","0","15462","0","555","0","1242","0","5845","0","199","6","n/e","n/e","n/e","n/e","11","0","1556","578","969","0","5","0","n/e","n/e","10592","0","2184","0","95","0","0","0","270","0","734","","3937","0"
"Germany (DE)","01.01.2016 21:00 - 01.01.2016 21:15 (CET)","4540","0","15466","0","555","0","1244","0","5582","0","200","6","n/e","n/e","n/e","n/e","11","0","421","0","969","0","43","0","n/e","n/e","10681","0","2027","0","95","0","0","0","275","0","815","","4172","0"
"Germany (DE)","01.01.2016 21:15 - 01.01.2016 21:30 (CET)","4541","0","15383","0","574","0","1222","0","5217","0","200","6","n/e","n/e","n/e","n/e","11","0","169","191","971","0","19","0","n/e","n/e","10675","0","2256","0","95","0","0","0","278","0","873","","4408","0"
"Germany (DE)","01.01.2016 21:30 - 01.01.2016 21:45 (CET)","4548","0","15330","0","566","0","1205","0","4958","0","199","6","n/e","n/e","n/e","n/e","11","0","1419","380","972","0","16","0","n/e","n/e","10656","0","2104","0","95","0","0","0","273","0","917","","4652","0"
"Germany (DE)","01.01.2016 21:45 - 01.01.2016 22:00 (CET)","4547","0","15363","0","565","0","1189","0","4966","0","199","6","n/e","n/e","n/e","n/e","11","0","154","632","975","0","7","0","n/e","n/e","10606","0","2211","0","95","0","0","0","276","0","1024","","4774","0"
"Germany (DE)","01.01.2016 22:00 - 01.01.2016 22:15 (CET)","4539","0","15387","0","560","0","1192","0","4965","0","199","6","n/e","n/e","n/e","n/e","11","0","1628","0","975","0","69","0","n/e","n/e","10680","0","2275","0","95","0","0","0","279","0","1132","","4807","0"
"Germany (DE)","01.01.2016 22:15 - 01.01.2016 22:30 (CET)","4536","0","15306","0","558","0","1189","0","4860","0","199","6","n/e","n/e","n/e","n/e","11","0","25","58","974","0","83","0","n/e","n/e","10673","0","2350","0","95","0","0","0","274","0","1162","","4937","0"
"Germany (DE)","01.01.2016 22:30 - 01.01.2016 22:45 (CET)","4531","0","15255","0","561","0","1190","0","4674","0","199","6","n/e","n/e","n/e","n/e","11","0","21","587","972","0","55","0","n/e","n/e","10672","0","2324","0","95","0","0","0","269","0","1163","","5073","0"
"Germany (DE)","01.01.2016 22:45 - 01.01.2016 23:00 (CET)","4514","0","15071","0","559","0","1189","0","4467","0","199","6","n/e","n/e","n/e","n/e","11","0","18","1041","970","0","43","0","n/e","n/e","10614","0","2441","0","95","0","0","0","269","0","1306","","5141","0"
"Germany (DE)","01.01.2016 23:00 - 01.01.2016 23:15 (CET)","4516","0","14925","0","556","0","1184","0","4119","0","198","6","n/e","n/e","n/e","n/e","11","0","854","0","972","0","135","0","n/e","n/e","10656","0","2316","0","95","0","0","0","269","0","1391","","5318","0"
"Germany (DE)","01.01.2016 23:15 - 01.01.2016 23:30 (CET)","4515","0","14885","0","558","0","1184","0","4057","0","199","6","n/e","n/e","n/e","n/e","11","0","384","0","971","0","71","0","n/e","n/e","10645","0","2238","0","95","0","0","0","269","0","1438","","5492","0"
"Germany (DE)","01.01.2016 23:30 - 01.01.2016 23:45 (CET)","4520","0","14858","0","563","0","1188","0","3925","0","199","6","n/e","n/e","n/e","n/e","11","0","611","604","975","0","40","0","n/e","n/e","10634","0","2183","0","95","0","0","0","273","0","1500","","5626","0"
"Germany (DE)","01.01.2016 23:45 - 02.01.2016 00:00 (CET)","4536","0","14847","0","568","0","1168","0","3768","0","199","6","n/e","n/e","n/e","n/e","11","0","526","1476","975","0","67","0","n/e","n/e","10628","0","2405","0","95","0","0","0","276","0","1476","","5591","0"
